City_ID,City,Country,Lat,Lng,Max Temp,Humidity,Cloudiness,Wind Speed,Current Description
0,Bethel,US,41.3712,-73.414,90.45,46,1,9.22,clear sky
1,Ushuaia,AR,-54.8,-68.3,44.26,57,40,12.66,scattered clouds
2,Avarua,CK,-21.2078,-159.775,75.25,60,75,5.75,broken clouds
3,Cape Town,ZA,-33.9258,18.4232,72.01,27,0,13.22,clear sky
4,Tiksi,RU,71.6872,128.8694,43.83,64,100,1.54,overcast clouds
5,Provideniya,RU,64.3833,-173.3,44.71,61,75,6.71,broken clouds
6,Nikolskoye,RU,59.7035,30.7861,60.69,83,70,3.65,broken clouds
7,Padang,ID,-0.9492,100.3543,75.6,78,78,3.83,broken clouds
8,Tazovskiy,RU,67.4667,78.7,32.09,86,94,9.01,overcast clouds
9,Hilo,US,19.7297,-155.09,80.33,72,90,13.8,light rain
10,Vaini,TO,-21.2,-175.2,77.16,78,75,13.8,broken clouds
11,Yeniseysk,RU,58.4497,92.1703,54.39,94,100,9.42,overcast clouds
12,Chokurdakh,RU,70.6333,147.9167,38.88,68,99,5.77,overcast clouds
13,Somerset West,ZA,-34.084,18.8211,71.98,40,3,7.0,clear sky
14,Bathsheba,BB,13.2167,-59.5167,81.21,69,20,20.87,few clouds
15,Dingle,PH,10.9995,122.6711,78.48,82,100,2.04,overcast clouds
16,Albany,US,42.6001,-73.9662,89.17,59,46,5.03,scattered clouds
17,Naze,JP,28.3667,129.4833,74.32,94,100,3.4,light rain
18,Hobart,AU,-42.8794,147.3294,57.25,73,75,10.25,broken clouds
19,Barrow,US,71.2906,-156.7887,32.02,86,90,13.8,mist
20,Karratha,AU,-20.7377,116.8463,74.23,58,76,9.55,broken clouds
21,Upernavik,GL,72.7868,-56.1549,37.78,84,66,4.56,broken clouds
22,Punta Arenas,CL,-53.15,-70.9167,41.11,75,0,11.81,clear sky
23,Manado,ID,1.487,124.8455,77.77,94,40,3.51,light rain
24,Severo-Kurilsk,RU,50.6789,156.125,43.0,93,100,10.89,overcast clouds
25,Evensk,RU,61.95,159.2333,43.97,81,100,4.25,overcast clouds
26,Ponta Do Sol,PT,32.6667,-17.1,66.83,76,4,5.88,clear sky
27,Cabedelo,BR,-6.9811,-34.8339,74.07,86,39,12.82,scattered clouds
28,Carnarvon,AU,-24.8667,113.6333,60.87,67,90,9.22,overcast clouds
29,Mahebourg,MU,-20.4081,57.7,75.49,78,40,9.22,light rain
30,Comodoro Rivadavia,AR,-45.8667,-67.5,49.86,57,0,11.5,clear sky
31,Busselton,AU,-33.65,115.3333,46.09,78,0,7.83,clear sky
32,Lufilufi,WS,-13.8745,-171.5986,89.38,74,36,5.06,light rain
33,Tuktoyaktuk,CA,69.4541,-133.0374,35.6,69,90,9.22,overcast clouds
34,Mount Isa,AU,-20.7333,139.5,60.57,41,0,3.44,clear sky
35,Buchanan,LR,5.8808,-10.0467,76.96,84,99,8.79,overcast clouds
36,Ciudad Bolivar,VE,8.1222,-63.5497,82.71,67,82,12.62,broken clouds
37,Qaanaaq,GL,77.484,-69.3632,40.37,76,59,5.39,broken clouds
38,Khatanga,RU,71.9667,102.5,34.41,89,97,6.98,overcast clouds
39,Boysun,UZ,38.2061,67.1986,78.04,18,6,5.12,clear sky
40,Carballo,ES,43.213,-8.691,59.86,90,86,5.61,overcast clouds
41,Fortuna,US,40.5982,-124.1573,71.19,60,20,4.0,few clouds
42,Eureka,US,40.8021,-124.1637,69.67,71,68,8.01,broken clouds
43,Sao Filipe,CV,14.8961,-24.4956,74.62,71,36,11.3,scattered clouds
44,Bubaque,GW,11.2833,-15.8333,79.32,86,35,14.88,scattered clouds
45,Mataura,NZ,-46.1927,168.8643,49.48,77,59,3.38,broken clouds
46,Airai,TL,-8.9266,125.4092,59.95,72,47,2.55,scattered clouds
47,Oksovskiy,RU,62.6062,39.8984,47.1,70,77,9.8,broken clouds
48,Beloha,MG,-25.1667,45.05,61.23,79,16,12.19,few clouds
49,Castro,BR,-24.7911,-50.0119,60.35,71,96,3.49,overcast clouds
50,Narsaq,GL,60.9167,-46.05,55.62,66,100,3.4,overcast clouds
51,Mandiana,GN,10.6333,-8.6833,85.64,41,1,6.55,clear sky
52,Tura,IN,25.5198,90.2201,71.94,98,82,7.47,moderate rain
53,Bilibino,RU,68.0546,166.4372,66.9,39,6,6.58,clear sky
54,Shelburne,CA,44.0787,-80.2041,86.49,72,12,9.42,few clouds
55,Hermanus,ZA,-34.4187,19.2345,66.9,44,1,11.43,clear sky
56,Pemberton,CA,50.3164,-122.8027,55.09,75,100,4.9,overcast clouds
57,New Norfolk,AU,-42.7826,147.0587,56.91,78,100,1.99,overcast clouds
58,Gondanglegi,ID,-7.7479,112.0132,73.76,94,29,6.55,scattered clouds
59,Hamilton,US,39.1834,-84.5333,84.97,56,1,8.55,clear sky
60,Kollam,IN,8.8833,76.6,80.47,83,40,4.72,scattered clouds
61,Itarema,BR,-2.9248,-39.9167,77.4,86,26,8.16,scattered clouds
62,Asau,RO,46.4333,26.4,56.95,76,4,4.85,clear sky
63,Hasaki,JP,35.7333,140.8333,70.29,83,100,1.12,overcast clouds
64,Wainwright,CA,52.839,-110.8572,69.71,39,48,11.72,scattered clouds
65,Kodiak,US,57.79,-152.4072,55.89,52,12,6.13,few clouds
66,Nome,US,64.5011,-165.4064,37.17,80,90,11.5,overcast clouds
67,Tasiilaq,GL,65.6145,-37.6368,41.16,91,98,5.23,overcast clouds
68,Barranca,PE,-10.75,-77.7667,64.54,81,60,10.65,broken clouds
69,Kholtoson,RU,50.2981,103.3097,39.76,73,97,4.38,overcast clouds
70,Adrar,MR,20.5022,-10.0711,95.04,13,71,18.7,broken clouds
71,Tashla,RU,51.7716,52.7427,58.68,53,51,5.97,broken clouds
72,Powell River,CA,49.8496,-124.5361,55.04,76,75,13.8,broken clouds
73,Saldanha,ZA,-33.0117,17.9442,57.25,36,2,26.78,clear sky
74,Bredasdorp,ZA,-34.5322,20.0403,56.28,47,4,6.62,clear sky
75,Isangel,VU,-19.55,169.2667,77.11,61,75,10.76,broken clouds
76,Svetlaya,RU,46.5389,138.3297,61.86,62,13,3.33,few clouds
77,Port Alfred,ZA,-33.5906,26.891,64.06,35,0,8.34,clear sky
78,Puerto Ayora,EC,-0.7393,-90.3518,80.56,90,38,3.0,scattered clouds
79,Ribeira Grande,PT,38.5167,-28.7,65.16,87,100,7.65,overcast clouds
80,Muzhi,RU,65.3667,64.6667,37.96,64,6,5.55,clear sky
81,Reconquista,AR,-29.15,-59.65,58.59,52,14,11.7,few clouds
82,Dikson,RU,73.5069,80.5464,29.35,92,100,11.97,overcast clouds
83,Santona,ES,43.4439,-3.4576,62.08,89,82,2.04,broken clouds
84,Quzhou,CN,28.9594,118.8686,69.6,83,78,5.32,broken clouds
85,Santiago,CL,-33.4569,-70.6483,62.17,61,90,0.0,haze
86,Paamiut,GL,61.994,-49.6678,38.16,98,100,3.13,light rain
87,Bluff,NZ,-46.6,168.3333,49.8,80,61,8.32,broken clouds
88,Marawi,PH,7.9986,124.2928,64.65,86,99,1.9,overcast clouds
89,Sitka,US,57.0531,-135.33,53.49,71,90,4.61,light rain
90,Hithadhoo,MV,-0.6,73.0833,82.74,73,11,12.35,few clouds
91,Kaoma,ZM,-14.7833,24.8,50.47,67,69,5.91,broken clouds
92,Hobyo,SO,5.3505,48.5268,78.37,89,25,23.31,scattered clouds
93,Sistranda,NO,63.7256,8.834,54.9,94,53,12.71,broken clouds
94,San Quintin,MX,30.4833,-115.95,65.57,64,13,10.78,few clouds
95,Maarianhamina,AX,60.0973,19.9348,51.66,82,0,0.0,clear sky
96,Kpalime,TG,6.9,0.6333,72.43,96,34,2.39,scattered clouds
97,Pringsewu,ID,-5.3582,104.9744,73.44,96,73,4.81,broken clouds
98,Vostok,RU,46.4856,135.8833,60.08,58,73,4.05,broken clouds
99,Matay,EG,28.419,30.7792,71.37,47,0,16.13,clear sky
100,Klaksvik,FO,62.2266,-6.589,50.92,99,100,15.57,overcast clouds
101,Nova Vicosa,BR,-17.8919,-39.3719,73.54,83,8,6.02,clear sky
102,Saint-Augustin,CA,51.226,-58.6502,54.97,56,64,12.17,broken clouds
103,Katsuura,JP,35.1333,140.3,72.19,90,97,1.14,overcast clouds
104,Rikitea,PF,-23.1203,-134.9692,76.77,83,98,15.23,overcast clouds
105,Cidreira,BR,-30.1811,-50.2056,63.05,76,100,11.05,light rain
106,Luderitz,NA,-26.6481,15.1594,68.52,31,1,10.04,clear sky
107,Sovetskiy,RU,61.3614,63.5842,45.91,50,80,4.88,broken clouds
108,Thompson,CA,55.7435,-97.8558,60.96,77,90,10.36,overcast clouds
109,Acapulco,MX,16.8634,-99.8901,89.42,70,75,10.74,broken clouds
110,Labrea,BR,-7.2586,-64.7981,74.98,96,98,2.26,moderate rain
111,Jamestown,US,42.097,-79.2353,83.52,50,1,6.91,clear sky
112,Pativilca,PE,-10.7,-77.7833,64.54,82,65,10.22,broken clouds
113,Namatanai,PG,-3.6667,152.4333,82.0,77,95,2.73,moderate rain
114,Arkhipo-Osipovka,RU,44.37,38.52,60.26,80,78,11.34,broken clouds
115,Santa Lucia,ES,27.9117,-15.5407,60.12,73,75,11.52,broken clouds
116,Torbay,CA,47.6666,-52.7314,46.27,87,75,19.57,broken clouds
117,Butaritari,KI,3.0707,172.7902,82.58,72,12,8.48,light rain
118,Coihaique,CL,-45.5752,-72.0662,44.55,76,75,6.91,light rain
119,Vardo,NO,70.3705,31.1107,39.15,74,6,1.88,clear sky
120,Kavieng,PG,-2.5744,150.7967,82.31,75,56,6.08,light rain
121,Constitucion,CL,-35.3333,-72.4167,51.93,72,100,8.99,overcast clouds
122,East London,ZA,-33.0153,27.9116,62.28,39,0,9.24,clear sky
123,Cabo San Lucas,MX,22.8909,-109.9124,100.81,45,1,10.36,clear sky
124,Sinnamary,GF,5.3833,-52.95,76.01,89,100,5.66,overcast clouds
125,Ola,RU,59.5833,151.2833,48.49,75,40,4.85,scattered clouds
126,Port Moresby,PG,-9.4431,147.1797,76.42,94,75,3.44,broken clouds
127,Ust-Nera,RU,64.5667,143.2,63.41,62,100,6.78,overcast clouds
128,Port-Gentil,GA,-0.7193,8.7815,80.56,83,90,9.22,overcast clouds
129,Hambantota,LK,6.1241,81.1185,79.45,85,100,13.85,overcast clouds
130,Haileybury,CA,47.449,-79.6373,90.18,57,85,16.69,overcast clouds
131,Salina,US,38.8403,-97.6114,86.13,48,20,12.66,few clouds
132,Maragogi,BR,-9.0122,-35.2225,75.79,84,8,8.25,clear sky
133,Lyubymivka,UA,46.8106,33.5686,56.91,90,80,7.07,broken clouds
134,Saskylakh,RU,71.9167,114.0833,39.24,56,77,4.59,broken clouds
135,Marietta,US,33.9526,-84.5499,85.78,63,90,4.61,overcast clouds
136,Tafresh,IR,34.692,50.013,66.2,21,0,6.96,clear sky
137,Atuona,PF,-9.8,-139.0333,80.19,62,61,6.73,broken clouds
138,Jalu,LY,29.0331,21.5482,74.97,31,0,9.04,clear sky
139,Mount Gambier,AU,-37.8333,140.7667,55.31,71,100,18.41,overcast clouds
140,Kuching,MY,1.55,110.3333,73.62,100,20,1.14,few clouds
141,Mareeba,AU,-17.0,145.4333,67.44,89,86,5.93,overcast clouds
142,Qaqortoq,GL,60.7167,-46.0333,55.9,80,100,4.9,overcast clouds
143,Belyy Yar,RU,53.6039,91.3903,48.09,87,0,4.72,clear sky
144,Westport,US,41.1415,-73.3579,92.05,55,1,1.99,clear sky
145,Saint-Philippe,RE,-21.3585,55.7679,72.99,86,77,13.82,light rain
146,Bontang,ID,0.1333,117.5,77.95,88,100,6.11,moderate rain
147,Pokhara,NP,28.2333,83.9833,74.93,61,66,4.12,broken clouds
148,La Rioja,ES,42.25,-2.5,54.05,84,20,5.32,few clouds
149,Petropavlovsk-Kamchatskiy,RU,53.0452,158.6483,43.39,100,90,3.87,light rain
150,Sechura,PE,-5.5569,-80.8222,72.81,67,96,16.91,overcast clouds
151,Kiruna,SE,67.8557,20.2251,50.92,43,33,0.0,scattered clouds
152,Seddon,AU,-37.8068,144.8916,57.67,80,40,8.01,scattered clouds
153,Alice Springs,AU,-23.7,133.8833,40.55,75,12,3.06,few clouds
154,Puerto Escondido,MX,15.85,-97.0667,84.74,78,60,7.05,broken clouds
155,Pangnirtung,CA,66.1451,-65.7125,32.49,93,26,2.86,scattered clouds
156,Jacareacanga,BR,-6.2222,-57.7528,78.8,72,99,1.05,overcast clouds
157,Marck,FR,50.949,1.9433,55.56,77,34,3.09,scattered clouds
158,Arraial Do Cabo,BR,-22.9661,-42.0278,73.36,94,75,20.47,broken clouds
159,Hofn,IS,64.2539,-15.2082,46.99,98,95,12.75,light rain
160,Beyneu,KZ,45.3167,55.2,65.53,50,1,10.47,clear sky
161,Juneau,US,58.3019,-134.4197,54.21,88,75,4.0,light rain
162,Longyearbyen,SJ,78.2186,15.6401,39.04,65,0,12.66,clear sky
163,Champerico,GT,14.3,-91.9167,87.35,69,42,7.05,scattered clouds
164,Mahon,ES,39.8885,4.2658,61.36,88,0,4.61,clear sky
165,Ixtapa,MX,20.7,-105.2,86.23,74,70,5.01,broken clouds
166,Faya,SA,18.3851,42.4509,70.32,48,6,2.75,clear sky
167,Bahia Blanca,AR,-38.7196,-62.2724,52.9,40,100,8.9,overcast clouds
168,Mbanza-Ngungu,CD,-5.25,14.8667,69.13,75,31,1.21,scattered clouds
169,Menongue,AO,-14.6585,17.691,50.95,60,59,4.59,broken clouds
170,Praia,CV,14.9215,-23.5087,73.94,73,75,18.41,broken clouds
171,Yarke Pole,UA,45.608,34.3172,54.03,93,69,8.25,broken clouds
172,Chapulhuacan,MX,21.1667,-98.9,89.37,37,84,6.49,broken clouds
173,Tevaitoa,PF,-16.7833,-151.5,80.78,77,72,11.48,light rain
174,Tongliao,CN,43.6125,122.2653,71.74,41,10,8.16,clear sky
175,Baruun-Urt,MN,46.6806,113.2792,66.76,45,100,11.83,overcast clouds
176,Lakselv,NO,70.0513,24.9718,47.75,81,58,2.3,broken clouds
177,Fukue,JP,32.6881,128.8419,70.12,77,100,6.31,overcast clouds
178,Harper,LR,4.375,-7.7169,78.06,88,100,11.83,light rain
179,Moscow,RU,55.7522,37.6156,61.38,88,96,4.59,overcast clouds
180,Maltahohe,NA,-24.8333,16.9833,49.01,41,0,9.44,clear sky
181,Maceio,BR,-9.6658,-35.7353,78.24,83,20,7.61,few clouds
182,Olafsvik,IS,64.8945,-23.7142,47.1,88,100,3.78,overcast clouds
183,Nalut,LY,30.3333,10.85,87.42,12,34,16.96,scattered clouds
184,Port Hawkesbury,CA,45.6169,-61.3485,58.42,72,1,4.0,clear sky
185,Kudat,MY,6.8837,116.8477,75.29,100,20,0.0,few clouds
186,Zhigansk,RU,66.7697,123.3711,52.45,40,100,12.12,overcast clouds
187,Quatre Cocos,MU,-20.2078,57.7625,75.31,83,34,13.87,light rain
188,Timra,SE,62.487,17.3257,60.51,88,75,2.3,broken clouds
189,Port Hardy,CA,50.6996,-127.4199,55.58,71,75,14.97,broken clouds
190,Chuy,UY,-33.6971,-53.4616,50.38,79,83,5.95,broken clouds
191,Kodinsk,RU,58.6881,99.1844,44.35,96,69,3.89,moderate rain
192,Berlevag,NO,70.8578,29.0864,39.25,72,6,0.78,clear sky
193,Batticaloa,LK,7.7102,81.6924,80.49,76,93,2.57,overcast clouds
194,Grootfontein,NA,-19.5667,18.1167,45.97,61,0,4.61,clear sky
195,Port Elizabeth,ZA,-33.918,25.5701,62.28,28,0,9.8,clear sky
196,Kamenka,RU,51.3223,42.7678,53.85,94,60,6.53,broken clouds
197,Athabasca,CA,54.7169,-113.2854,69.49,34,85,9.6,overcast clouds
198,Orangeburg,US,33.4918,-80.8557,80.89,82,20,9.22,few clouds
199,Smithers,CA,54.7804,-127.1743,57.52,51,75,10.36,broken clouds
200,Rantauprapat,ID,2.1,99.8333,71.38,84,71,2.13,broken clouds
201,La Ronge,CA,55.1001,-105.2842,64.62,59,75,6.91,broken clouds
202,Dongsheng,CN,39.8161,109.9776,67.71,43,100,13.51,light rain
203,Scarborough,GB,54.2797,-0.4044,57.02,88,24,1.74,few clouds
204,Chippewa Falls,US,44.9369,-91.3929,91.58,33,40,13.98,scattered clouds
205,Lumeje,AO,-11.55,20.7833,56.91,59,54,5.84,broken clouds
206,Novopokrovka,UA,49.8425,36.5477,57.58,95,11,5.57,few clouds
207,Muros,ES,42.7762,-9.0603,60.1,80,48,10.31,scattered clouds
208,Sturgis,US,41.7992,-85.4192,87.84,24,1,14.97,clear sky
209,Yazman,PK,29.1212,71.7446,95.92,27,0,7.76,clear sky
210,Zaria,NG,11.1113,7.7227,74.43,76,87,3.96,light rain
211,Jasper,US,37.2001,-94.3502,81.01,70,90,1.99,overcast clouds
212,Yashalta,RU,46.3395,42.2762,55.94,89,94,8.57,light rain
213,Ilulissat,GL,69.2167,-51.1,39.22,81,69,4.61,broken clouds
214,Cherskiy,RU,68.75,161.3,68.04,35,100,19.39,overcast clouds
215,Hollola,FI,61.05,25.4333,58.01,81,72,3.76,broken clouds
216,Ahipara,NZ,-35.1667,173.1667,61.75,89,100,9.13,moderate rain
217,Whyalla,AU,-33.0333,137.5833,55.29,71,6,14.97,clear sky
218,Hualmay,PE,-11.0964,-77.6139,64.92,83,31,10.69,scattered clouds
219,Georgetown,MY,5.4112,100.3354,79.9,93,20,1.01,few clouds
220,Tual,ID,-5.6667,132.75,81.27,78,100,14.43,overcast clouds
221,Vila Velha,BR,-20.3297,-40.2925,73.35,90,0,1.99,clear sky
222,Pevek,RU,69.7008,170.3133,48.31,66,29,13.11,scattered clouds
223,Clyde River,CA,70.4692,-68.5914,35.83,93,90,4.61,overcast clouds
224,Port Augusta,AU,-32.5,137.7667,55.71,63,5,17.69,clear sky
225,Cranbrook,CA,49.4999,-115.7688,57.04,35,90,10.56,overcast clouds
226,Seia,PT,40.4151,-7.7086,57.7,75,2,0.85,clear sky
227,Henties Bay,NA,-22.116,14.2845,75.85,44,0,3.36,clear sky
228,San Cristobal,VE,7.7669,-72.225,73.58,98,100,2.59,overcast clouds
229,Makokou,GA,0.5738,12.8642,70.99,96,100,1.07,light rain
230,Popondetta,PG,-8.7537,148.2534,79.05,82,79,1.86,broken clouds
231,Susangerd,IR,31.5608,48.1831,91.42,12,0,11.61,clear sky
232,Victoria,HK,22.2855,114.1577,82.45,86,47,1.01,scattered clouds
233,Mayo,US,38.8876,-76.5119,93.15,58,1,12.12,clear sky
234,Anshun,CN,26.25,105.9333,63.66,74,77,2.3,broken clouds
235,Gimli,CA,50.6336,-96.9907,79.05,29,41,21.85,scattered clouds
236,Znamenskoye,RU,57.1281,73.8282,52.11,85,41,4.72,scattered clouds
237,Ankazoabo,MG,-22.2833,44.5167,61.93,73,40,9.31,scattered clouds
238,Touros,BR,-5.1989,-35.4608,76.1,86,12,12.84,few clouds
239,Soyo,AO,-6.1349,12.3689,75.51,89,26,4.0,scattered clouds
240,Sharjah,AE,25.3573,55.4033,95.16,60,0,17.63,clear sky
241,Namibe,AO,-15.1961,12.1522,74.14,50,41,9.26,scattered clouds
242,Horsham,GB,51.064,-0.3272,62.46,88,0,3.36,clear sky
243,Nyahururu,KE,0.0421,36.3673,49.06,86,62,5.95,broken clouds
244,Yar-Sale,RU,66.8333,70.8333,35.08,86,61,9.31,broken clouds
245,Kapaa,US,22.0752,-159.319,82.72,72,40,4.0,scattered clouds
246,Badulla,LK,6.9895,81.0557,69.62,76,100,3.98,overcast clouds
247,Trairi,BR,-3.2778,-39.2689,77.27,86,12,6.31,few clouds
248,Sitamau,IN,24.0167,75.35,83.62,55,35,12.97,scattered clouds
249,Broome,US,42.2506,-75.833,87.6,48,40,3.47,scattered clouds
250,Charters Towers,AU,-20.1,146.2667,64.44,73,51,12.03,broken clouds
251,Ostrovnoy,RU,68.0531,39.5131,37.96,93,7,6.53,clear sky
252,Yellowknife,CA,62.456,-114.3525,50.56,53,75,5.99,broken clouds
253,Rock Hill,US,34.9249,-81.0251,86.74,67,90,8.05,overcast clouds
254,Terrace,CA,54.5163,-128.6035,58.42,67,75,9.22,broken clouds
255,Mar Del Plata,AR,-38.0023,-57.5575,54.12,70,0,8.99,clear sky
256,Fuling,CN,29.7022,107.3919,75.16,74,99,3.0,overcast clouds
257,Genhe,CN,50.7833,121.5167,64.13,46,4,1.83,clear sky
258,Tucurui,BR,-3.7661,-49.6725,81.25,64,83,3.2,broken clouds
259,College,US,64.8569,-147.8028,70.12,46,75,18.41,broken clouds
260,Dalby,AU,-27.1833,151.2667,60.98,55,0,2.24,clear sky
261,Port Hedland,AU,-20.3167,118.5667,71.65,33,61,11.5,broken clouds
262,Ambilobe,MG,-13.2,49.05,70.2,91,80,3.09,broken clouds
263,Lebu,CL,-37.6167,-73.65,48.79,79,91,4.21,overcast clouds
264,Bosaso,SO,11.2842,49.1816,93.11,37,0,15.59,clear sky
265,Nuuk,GL,64.1835,-51.7216,43.41,93,90,9.22,light snow
266,Akonolinga,CM,3.7667,12.25,68.07,99,94,1.3,light rain
267,Svetlyy,RU,54.675,20.1347,51.85,72,55,5.26,broken clouds
268,Boguchany,RU,58.3814,97.4531,51.35,96,98,11.56,light rain
269,Komsomolskiy,UZ,40.4272,71.7189,81.82,28,77,6.91,broken clouds
270,Leningradskiy,RU,69.3833,178.4167,41.85,71,17,14.47,few clouds
271,Jumla,NP,29.2747,82.1838,54.36,87,17,3.51,few clouds
272,Takoradi,GH,4.8845,-1.7554,79.43,81,10,9.66,clear sky
273,Alyangula,AU,-13.8483,136.4192,75.07,94,90,10.51,overcast clouds
274,Jinchang,CN,38.4953,102.1739,64.18,44,71,9.4,broken clouds
275,Bukachacha,RU,52.9833,116.9167,65.7,41,23,4.34,few clouds
276,Port Blair,IN,11.6667,92.75,83.75,76,100,12.01,overcast clouds
277,Nizhniy Kuranakh,RU,58.8353,125.4869,52.93,84,83,11.5,broken clouds
278,Rovaniemi,FI,66.5,25.7167,56.61,35,0,12.66,clear sky
279,Fort Nelson,CA,58.8053,-122.7002,60.39,41,75,8.05,broken clouds
280,Terrace Bay,CA,48.7834,-87.1,76.62,92,82,8.79,broken clouds
281,Altamont,US,42.2068,-121.7372,70.77,30,1,7.0,clear sky
282,Tarko-Sale,RU,64.9225,77.785,37.99,85,27,11.12,scattered clouds
283,Pisco,PE,-13.7,-76.2167,65.01,77,0,8.05,clear sky
284,Cedar City,US,37.6775,-113.0619,86.97,8,1,16.11,clear sky
285,Ngunguru,NZ,-35.6167,174.5,60.17,93,100,33.35,moderate rain
286,Kaukauna,US,44.278,-88.272,90.18,46,40,3.0,scattered clouds
287,Casablanca,MA,33.5928,-7.6192,71.33,73,8,11.01,clear sky
288,Saint George,US,37.1041,-113.5841,104.47,11,1,5.99,clear sky
289,Nouadhibou,MR,20.931,-17.0347,67.98,77,94,16.11,sand
290,Iqaluit,CA,63.7506,-68.5145,33.53,86,75,5.99,broken clouds
291,Lorengau,PG,-2.0226,147.2712,82.85,70,90,5.91,overcast clouds
292,Roela,EE,59.1667,26.5926,54.14,84,9,4.16,clear sky
293,Geraldton,AU,-28.7667,114.6,55.81,82,94,17.67,overcast clouds
294,Kutum,SD,14.2,24.6667,78.62,17,9,8.72,clear sky
295,Natal,BR,-5.795,-35.2094,75.85,88,75,9.66,broken clouds
296,Uribia,CO,11.7139,-72.266,82.6,66,100,18.68,overcast clouds
297,Shubarkuduk,KZ,49.1447,56.4872,62.92,59,100,3.13,overcast clouds
298,Kununurra,AU,-15.7667,128.7333,60.78,72,21,0.0,few clouds
299,Itoman,JP,26.1247,127.6694,75.58,94,75,13.8,light rain
300,Sawakin,SD,19.1059,37.3321,82.53,64,26,8.43,scattered clouds
301,Laa,SL,8.0797,-10.7732,74.86,98,73,2.89,broken clouds
302,Kalmunai,LK,7.4167,81.8167,80.33,79,97,2.73,overcast clouds
303,Honningsvag,NO,70.9821,25.9704,40.23,71,2,6.76,clear sky
304,Dumbravita,RO,45.7667,25.4333,57.54,76,4,2.04,clear sky
305,Bowen,AU,-20.0167,148.2333,66.42,75,89,11.65,overcast clouds
306,Ponta Delgada,PT,37.7333,-25.6667,65.12,88,20,4.61,few clouds
307,Huarmey,PE,-10.0681,-78.1522,66.34,81,96,8.41,overcast clouds
308,Husavik,IS,66.0449,-17.3389,51.71,82,72,3.38,broken clouds
309,Banda Aceh,ID,5.5577,95.3222,79.2,73,100,13.47,overcast clouds
310,Severnyy-Kospashskiy,RU,59.0925,57.8008,52.61,82,69,2.53,broken clouds
311,Rundu,NA,-17.9333,19.7667,48.74,58,21,6.33,few clouds
312,Illela,NG,13.7292,5.2975,82.45,59,99,19.01,overcast clouds
313,Crestview,US,30.7621,-86.5705,85.08,76,20,10.36,few clouds
314,Tanout,NE,14.9709,8.8879,89.19,30,98,4.29,overcast clouds
315,Martinsville,US,36.6915,-79.8725,86.68,65,75,8.68,broken clouds
316,Surazh,RU,53.0175,32.3918,53.8,94,70,7.07,broken clouds
317,Nanortalik,GL,60.1432,-45.2371,44.28,74,100,13.91,overcast clouds
318,Anadyr,RU,64.75,177.4833,46.9,61,75,8.19,light rain
319,Cap Malheureux,MU,-19.9842,57.6142,75.69,85,9,1.99,light rain
320,Tabuk,PH,17.4189,121.4443,75.79,92,100,3.11,overcast clouds
321,Yantal,RU,56.8471,105.2542,49.8,51,15,4.92,few clouds
322,Kruisfontein,ZA,-34.0033,24.7314,56.55,22,2,8.25,clear sky
323,Yushu,CN,44.8,126.5333,61.32,71,5,3.38,clear sky
324,Mayskiy,RU,47.6931,40.1025,58.44,92,67,6.96,broken clouds
325,Valle De Allende,MX,26.9333,-105.4,90.91,11,23,4.14,few clouds
326,Zhuhai,CN,22.2769,113.5678,82.18,83,20,11.3,few clouds
327,Rawson,AR,-43.3002,-65.1023,49.62,51,53,21.47,broken clouds
328,Kaitangata,NZ,-46.2817,169.8464,49.15,73,74,4.94,broken clouds
329,Bilma,NE,18.6853,12.9164,91.96,16,99,7.85,overcast clouds
330,Bull Savanna,JM,17.8868,-77.5902,80.35,71,14,13.91,few clouds
331,Panguna,PG,-6.3164,155.4848,77.41,74,86,3.24,light rain
332,Boende,CD,-0.2167,20.8667,70.25,98,100,1.59,overcast clouds
333,Kantunilkin,MX,21.0917,-87.45,85.95,58,44,8.25,scattered clouds
334,Okakarara,NA,-20.5833,17.4333,45.88,53,0,7.72,clear sky
335,Kyshtovka,RU,56.555,76.6271,56.86,79,68,8.7,broken clouds
336,Emba,KZ,48.8264,58.1442,65.28,49,100,6.6,overcast clouds
337,Ciudad Guayana,VE,8.3533,-62.6528,76.62,86,53,7.9,broken clouds
338,Bobcaygeon,CA,44.5462,-78.542,83.48,69,17,7.56,few clouds
339,Lagoa,PT,39.05,-27.9833,63.82,88,100,11.7,overcast clouds
340,Ginir,ET,7.1333,40.7,55.98,87,58,6.33,broken clouds
341,Kihei,US,20.785,-156.4656,86.02,65,20,9.71,few clouds
342,Esfarayen,IR,37.0765,57.5101,62.26,46,0,2.15,clear sky
343,Chernyshevskiy,RU,63.0128,112.4714,42.33,56,8,15.66,clear sky
344,Mattru,SL,7.6244,-11.8332,76.14,97,85,3.87,overcast clouds
345,Guarapari,BR,-20.6667,-40.4975,73.29,87,100,9.93,overcast clouds
346,Vizinga,RU,61.0749,50.1031,54.28,91,80,5.57,broken clouds
347,Guerrero Negro,MX,27.9769,-114.0611,69.49,60,69,17.0,broken clouds
348,Porbandar,IN,21.6422,69.6093,84.67,67,5,10.8,clear sky
349,Bonavista,CA,48.6499,-53.1147,44.6,85,75,17.92,broken clouds
350,Hovd,MN,48.0056,91.6419,46.08,45,3,3.4,clear sky
351,Pangoa,PE,-12.1167,-73.0,70.45,88,5,2.35,clear sky
352,Kortkeros,RU,61.8106,51.5806,59.0,83,66,4.27,broken clouds
353,Kloulklubed,PW,7.0419,134.2556,77.5,81,100,7.02,light rain
354,Half Moon Bay,US,37.4636,-122.4286,83.12,59,1,11.5,haze
355,Bambous Virieux,MU,-20.3428,57.7575,75.45,78,40,14.43,light rain
356,Ust-Barguzin,RU,53.45,108.9833,42.96,91,100,2.89,overcast clouds
357,Mopipi,BW,-21.1833,24.8833,52.92,55,1,14.07,clear sky
358,Tucumcari,US,35.1717,-103.725,91.24,21,1,6.78,clear sky
359,Saint-Francois,FR,46.4154,3.9054,61.48,93,90,3.44,overcast clouds
360,Beringovskiy,RU,63.05,179.3167,34.68,99,100,4.63,light rain
361,Turayf,SA,31.6725,38.6637,73.65,40,0,9.22,clear sky
362,Praia Da Vitoria,PT,38.7333,-27.0667,66.45,88,20,4.23,few clouds
363,Waingapu,ID,-9.6567,120.2641,77.5,83,42,6.58,scattered clouds
364,Ankazobe,MG,-18.3167,47.1167,54.01,84,71,9.19,broken clouds
365,Sept-Iles,CA,50.2001,-66.3821,59.52,41,75,4.61,broken clouds
366,Vao,NC,-22.6667,167.4833,70.11,65,99,16.35,overcast clouds
367,Melo,UY,-32.3667,-54.1833,47.07,89,85,8.48,overcast clouds
368,Lock Haven,US,41.137,-77.4469,89.98,59,17,4.45,few clouds
369,Rieti,IT,42.4072,12.8592,63.23,87,99,0.94,light rain
370,Poum,NC,-20.2333,164.0167,73.04,58,82,15.3,broken clouds
371,Almeirim,BR,-1.5233,-52.5817,79.39,78,97,3.49,overcast clouds
372,Kayes,ML,14.0,-11.0,93.97,29,41,6.42,scattered clouds
373,Cayenne,GF,4.9333,-52.3333,79.09,86,0,5.48,clear sky
374,Kolondieba,ML,11.0882,-6.8926,84.65,50,11,7.11,light rain
375,Irtyshskiy,RU,58.3333,68.1333,55.47,79,86,4.65,overcast clouds
376,Jinka,ET,5.65,36.65,64.83,71,67,3.11,broken clouds
377,Cotonou,BJ,6.3654,2.4183,84.18,74,20,9.22,few clouds
378,Strezhevoy,RU,60.7333,77.5889,37.38,68,4,4.27,clear sky
379,Porto Velho,BR,-8.7619,-63.9039,77.05,94,20,3.44,moderate rain
380,Camacha,PT,33.0833,-16.3333,63.36,77,40,8.05,scattered clouds
381,Kahului,US,20.8947,-156.47,86.02,65,20,26.46,few clouds
382,Garissa,KE,-0.4536,39.6401,75.29,71,9,18.14,clear sky
383,Lasa,IT,46.6166,10.7002,63.48,94,99,3.27,overcast clouds
384,Kailua,US,21.4022,-157.7394,84.18,65,75,17.27,broken clouds
385,Pangai,TO,-19.8,-174.35,80.71,65,20,6.91,few clouds
386,Marquette,US,46.5333,-87.6335,87.24,51,42,13.71,scattered clouds
387,Talcahuano,CL,-36.7167,-73.1167,51.48,71,0,2.3,clear sky
388,Norman Wells,CA,65.282,-126.8329,51.84,71,75,5.75,light rain
389,Tessalit,ML,20.1986,1.0114,94.91,13,48,4.97,scattered clouds
390,Bolshoy Lug,RU,52.0779,104.0919,46.58,85,100,7.25,light rain
391,Shizunai,JP,42.3339,142.3669,58.5,81,90,4.76,overcast clouds
392,Mitsamiouli,KM,-11.3847,43.2844,78.55,69,57,15.99,broken clouds
393,Lansing,US,42.7325,-84.5555,89.65,33,40,16.11,scattered clouds
394,Benguela,AO,-12.5763,13.4055,73.74,70,15,1.28,few clouds
395,Sangar,RU,63.9242,127.4739,44.26,94,100,3.2,light rain
396,Freetown,SL,8.484,-13.2299,80.06,85,99,4.63,overcast clouds
397,Tomatlan,MX,19.9333,-105.25,90.46,45,45,10.45,scattered clouds
398,Along,IN,28.1667,94.7667,71.73,99,100,1.74,overcast clouds
399,Jabinyanah,TN,35.035,10.9081,75.0,83,14,22.15,few clouds
400,Cap-Aux-Meules,CA,47.3821,-61.8597,53.65,66,40,3.44,scattered clouds
401,Mount Vernon,US,40.9126,-73.8371,93.47,50,75,4.0,broken clouds
402,Faanui,PF,-16.4833,-151.75,80.98,77,82,11.72,broken clouds
403,Palmer,US,42.1584,-72.3287,90.21,48,52,4.09,broken clouds
404,Dharchula,IN,29.85,80.5333,68.9,63,4,4.92,clear sky
405,Birjand,IR,32.8663,59.2211,75.67,22,0,6.91,clear sky
406,Muisne,EC,0.6,-80.0333,80.71,85,100,11.74,overcast clouds
407,Malartic,CA,48.1335,-78.1328,87.91,66,64,15.97,broken clouds
408,Denpasar,ID,-8.65,115.2167,78.46,94,40,2.39,scattered clouds
409,Zhigalovo,RU,54.8097,105.1578,48.51,77,100,2.35,overcast clouds
410,Patur,IN,20.45,76.9333,85.78,57,54,4.85,broken clouds
411,Arlit,NE,18.7369,7.3853,92.86,13,54,10.47,broken clouds
412,Ginosa,IT,40.5801,16.7561,70.47,67,69,1.16,broken clouds
413,Senneterre,CA,48.3835,-77.2328,88.02,48,29,7.09,scattered clouds
414,Ballina,AU,-28.8667,153.5667,55.94,89,11,3.44,few clouds
415,Souillac,MU,-20.5167,57.5167,75.58,78,40,12.37,light rain
416,Kargasok,RU,59.0556,80.8572,47.61,91,100,9.73,overcast clouds
417,Plettenberg Bay,ZA,-34.0527,23.3716,67.78,29,1,11.27,clear sky
418,Codrington,AU,-38.2667,141.9667,57.27,62,100,22.57,overcast clouds
419,Zabol,AF,32.25,67.25,71.55,18,0,5.53,clear sky
420,Tiarei,PF,-17.5333,-149.3333,86.02,74,77,11.68,broken clouds
421,Leshukonskoye,RU,64.8989,45.7622,37.08,72,42,7.05,scattered clouds
422,Conceicao Do Araguaia,BR,-8.2578,-49.2647,84.33,58,0,1.48,clear sky
423,Portland,US,45.5234,-122.6762,65.41,56,90,4.0,overcast clouds
424,Golkoy,TR,40.6875,37.6178,47.61,75,0,5.06,clear sky
425,Vila,PT,42.0304,-8.1588,57.74,83,19,3.83,few clouds
426,Laguna,US,38.421,-121.4238,96.46,28,1,7.0,clear sky
427,Kiunga,PG,-6.1219,141.2906,75.2,98,99,2.24,overcast clouds
428,Lalibela,ET,12.0333,39.0333,61.97,36,76,7.29,broken clouds
429,Magnolia,US,33.2671,-93.2393,84.38,83,62,3.51,broken clouds
430,Salinas,US,36.6777,-121.6555,82.47,57,1,18.41,clear sky
431,Georgiyevka,KZ,43.0369,74.7114,71.64,53,75,11.36,broken clouds
432,Esperance,AU,-33.8667,121.9,57.04,61,100,27.4,overcast clouds
433,Taoudenni,ML,22.6783,-3.9836,102.69,8,91,6.13,overcast clouds
434,Wageningen,NL,51.9667,5.6667,58.86,84,0,5.82,clear sky
435,Bengkulu,ID,-3.8004,102.2655,73.58,89,25,3.71,scattered clouds
436,Nemuro,JP,43.3236,145.575,52.77,86,31,1.57,scattered clouds
437,Isiro,CD,2.7739,27.616,66.6,97,99,2.19,overcast clouds
438,Brae,GB,60.3964,-1.353,48.11,83,41,3.44,scattered clouds
439,Visby,SE,57.6409,18.296,49.95,87,5,0.0,clear sky
440,Hami,CN,42.8,93.45,64.26,17,32,12.95,scattered clouds
441,Mugumu,TZ,-1.85,34.7,57.11,84,31,5.01,scattered clouds
442,Sal Rei,CV,16.1833,-22.9167,72.16,90,27,20.04,scattered clouds
443,Redlands,US,34.0556,-117.1825,93.94,35,20,3.0,haze
444,Yanam,IN,16.7333,82.2167,80.96,84,18,3.4,few clouds
445,Talnakh,RU,69.4865,88.3972,31.59,97,100,5.21,light snow
446,Mombetsu,JP,44.3525,143.3525,59.79,70,100,8.88,overcast clouds
447,Iberia,US,29.9502,-91.7507,84.97,78,75,10.83,broken clouds
448,Balikpapan,ID,-1.2675,116.8289,76.8,88,96,3.91,light rain
449,Dondo,MZ,-19.6094,34.7431,65.71,96,76,6.62,light rain
450,Bud,US,39.447,-86.1758,80.94,85,100,11.5,overcast clouds
451,Chicama,PE,-7.8447,-79.1469,64.94,78,87,4.41,overcast clouds
452,Rio Cuarto,AR,-33.1307,-64.3499,41.83,53,20,12.01,few clouds
453,Ngaoundere,CM,7.3167,13.5833,62.94,90,50,2.98,scattered clouds
454,San Patricio,US,28.017,-97.5169,91.81,73,14,14.43,few clouds
455,Samarai,PG,-10.6167,150.6667,78.67,88,99,15.39,overcast clouds
456,Lopsmarka,NO,67.3134,14.4493,59.5,73,75,8.01,broken clouds
457,Zakopane,PL,49.299,19.9489,51.04,87,5,1.79,clear sky
458,Grao Mogol,BR,-16.5594,-42.8897,65.79,66,52,4.59,broken clouds
459,Pasighat,IN,28.0667,95.3333,73.9,94,100,1.66,overcast clouds
460,Riviere-Au-Renard,CA,48.9957,-64.3971,59.29,67,81,7.38,broken clouds
461,Soe,ID,-9.8607,124.284,65.05,82,73,4.21,broken clouds
462,Khandyga,RU,62.6667,135.6,61.34,58,100,5.5,overcast clouds
463,Desaguadero,PE,-16.5656,-69.0417,45.36,47,8,5.79,clear sky
464,Plouzane,FR,48.3833,-4.6167,55.45,91,75,7.47,broken clouds
465,Havelock,US,34.8791,-76.9013,84.43,81,69,5.99,broken clouds
466,Atasu,KZ,48.6814,71.6433,54.57,39,78,9.48,broken clouds
467,Mandera,KE,3.9366,41.867,80.2,60,76,17.63,broken clouds
468,Suntar,RU,62.1444,117.6319,51.24,44,72,14.76,broken clouds
469,Rangia,IN,26.4667,91.6333,71.55,95,95,6.73,overcast clouds
470,Fare,PF,-16.7,-151.0167,80.69,73,49,9.66,scattered clouds
471,Tarboro,US,35.8968,-77.5358,88.18,58,75,6.91,broken clouds
472,Roma,US,43.2128,-75.4557,91.26,40,1,10.36,clear sky
473,Los Llanos De Aridane,ES,28.6585,-17.9182,64.15,82,90,12.53,overcast clouds
474,Lagos,NG,6.5833,3.75,79.12,92,97,3.58,overcast clouds
475,Voh,NC,-20.9667,164.7,73.45,53,97,9.17,overcast clouds
476,Kundiawa,PG,-6.0167,144.9667,65.25,95,98,2.37,overcast clouds
477,Cockburn Town,TC,21.4612,-71.1419,82.36,69,40,17.27,scattered clouds
478,Hailar,CN,49.2,119.7,63.57,50,0,7.76,clear sky
479,Salalah,OM,17.0151,54.0924,84.29,89,75,8.05,broken clouds
480,Egvekinot,RU,66.3167,-179.1667,38.5,59,8,1.21,clear sky
481,Eydhafushi,MV,5.1033,73.0708,82.62,76,100,16.11,overcast clouds
482,Orange,US,33.7,-117.7675,87.62,61,75,1.01,broken clouds
483,Vysokogornyy,RU,50.1167,139.15,51.71,78,95,4.72,overcast clouds
484,Lebane,RS,42.9239,21.7375,63.64,96,100,2.01,overcast clouds
485,Fairview,US,40.8126,-73.999,93.06,45,20,3.44,few clouds
486,Darnah,LY,32.767,22.6367,70.16,69,1,10.74,clear sky
487,Jibuti,DJ,11.5,42.5,85.42,34,40,3.49,scattered clouds
488,Parabel,RU,58.6978,81.4825,50.23,91,99,8.9,overcast clouds
489,Aklavik,CA,68.2191,-135.0107,47.12,38,12,8.63,few clouds
490,Capreol,CA,46.706,-80.9225,86.47,49,75,5.01,broken clouds
491,Mamallapuram,IN,12.6264,80.1722,85.05,72,100,12.88,overcast clouds
492,Lavrentiya,RU,65.5833,-171.0,34.79,94,100,3.24,light rain
493,Alofi,NU,-19.0595,-169.9187,80.49,61,54,8.05,broken clouds
494,Urengoy,RU,65.9667,78.3667,35.2,73,34,7.92,scattered clouds
495,Bulaevo,KZ,54.9056,70.4439,54.54,55,3,5.93,clear sky
496,Tuim,RU,54.3417,89.9261,50.65,89,46,8.34,scattered clouds
497,Caibarien,CU,22.5206,-79.4669,85.32,83,47,18.68,scattered clouds
498,Loa Janan,ID,-0.583,117.095,75.0,97,100,1.36,overcast clouds
499,Yatou,CN,37.15,122.3833,69.44,69,99,6.13,light rain
500,Praxedis Guerrero,MX,31.3667,-106.0167,100.42,9,7,25.64,clear sky
501,North Platte,US,41.1239,-100.7654,93.33,42,1,3.0,clear sky
502,Shimoda,JP,34.6667,138.95,72.16,83,95,3.44,overcast clouds
503,The Valley,AI,18.217,-63.0578,82.26,78,40,14.97,scattered clouds
504,Ndele,CF,8.4109,20.6473,71.73,85,72,3.8,broken clouds
505,Stromness,GB,58.965,-3.296,50.25,75,95,4.63,overcast clouds
506,Yichang,CN,30.7144,111.2847,78.31,82,90,1.03,overcast clouds
507,Buarcos,PT,40.166,-8.8768,60.67,91,0,8.66,clear sky
508,Lewiston,US,44.1003,-70.2148,90.23,61,1,6.91,clear sky
509,Abong Mbang,CM,3.9833,13.1833,67.77,99,99,2.51,light rain
510,Normandin,CA,48.8333,-72.5321,73.71,46,67,8.05,broken clouds
511,Basco,PH,20.4487,121.9702,83.89,75,100,10.94,overcast clouds
512,Diamantino,BR,-14.4086,-56.4461,78.37,49,74,4.23,broken clouds
513,Huilong,CN,31.8111,121.655,74.03,65,20,10.33,light rain
514,Celestun,MX,20.8667,-90.4,84.11,77,96,16.11,overcast clouds
515,Vestmannaeyjar,IS,63.4427,-20.2734,47.98,88,100,16.33,overcast clouds
516,Baijiantan,CN,45.6333,85.1833,64.45,28,78,6.44,broken clouds
517,Lompoc,US,34.6391,-120.4579,76.78,73,90,8.01,overcast clouds
518,Bandarbeyla,SO,9.4942,50.8122,78.87,87,3,25.34,clear sky
519,Dali,CN,25.7,100.1833,62.08,91,50,3.13,scattered clouds
520,Yulara,AU,-25.2406,130.9889,39.04,75,37,5.75,scattered clouds
521,Brown Deer,US,43.1633,-87.9645,87.71,42,75,17.27,broken clouds
522,Baracoa,CU,20.3467,-74.4958,79.65,82,48,11.36,scattered clouds
523,Staffanstorp,SE,55.6428,13.2064,63.07,72,0,6.02,clear sky
524,Sur,OM,22.5667,59.5289,83.82,78,0,11.39,clear sky
525,Paderborn,DE,51.7191,8.7544,60.58,96,90,3.85,overcast clouds
526,Tilichiki,RU,60.4667,166.1,37.87,96,100,6.15,light rain
527,Anahuac,MX,27.2333,-100.15,104.2,22,0,15.82,clear sky
528,Tuatapere,NZ,-46.1333,167.6833,49.82,79,18,4.63,few clouds
529,Kenora,CA,49.8167,-94.4337,78.19,57,75,11.5,broken clouds
530,Salinopolis,BR,-0.6136,-47.3561,77.79,86,37,9.42,scattered clouds
531,Vasudevanallur,IN,9.2333,77.4167,78.08,77,93,7.94,overcast clouds
532,Bulawayo,ZW,-20.15,28.5833,46.51,86,0,12.57,clear sky
533,Malanje,AO,-9.5402,16.341,61.07,49,52,3.06,broken clouds
534,Necochea,AR,-38.5473,-58.7368,47.03,57,100,6.82,overcast clouds
535,Santa Maria,BR,-29.6842,-53.8069,58.3,100,90,12.28,overcast clouds
536,Ketchikan,US,55.3422,-131.6461,53.58,93,90,13.8,light rain
537,Belmonte,BR,-15.8631,-38.8828,77.5,87,15,6.38,few clouds
538,Te Anau,NZ,-45.4167,167.7167,42.51,84,12,1.21,few clouds
539,Lae,PG,-6.7221,146.9847,81.01,77,81,3.74,broken clouds
540,Axim,GH,4.8699,-2.2405,79.14,82,11,8.9,few clouds
541,Kataysk,RU,56.289,62.5841,54.86,68,9,6.64,clear sky
542,Kwinana,AU,-32.25,115.7667,50.0,80,16,10.02,few clouds
543,Lazaro Cardenas,MX,17.9583,-102.2,87.44,61,89,12.66,overcast clouds
544,Pinawa,CA,50.1489,-95.8811,73.04,53,49,11.48,scattered clouds
545,Mackay,AU,-21.15,149.2,66.04,67,90,5.75,overcast clouds
546,Severodvinsk,RU,64.5635,39.8302,35.71,67,7,9.26,clear sky
547,Aykhal,RU,66.0,111.5,36.91,75,93,26.33,overcast clouds
548,Great Yarmouth,GB,52.6083,1.7305,58.08,70,88,7.63,overcast clouds
549,Nyurba,RU,63.2842,118.3319,50.67,64,92,13.82,overcast clouds
550,Pesqueria,MX,25.7833,-100.05,101.19,19,0,12.57,clear sky
551,Neiafu,TO,-18.65,-173.9833,81.28,74,20,9.22,few clouds
552,Morag,PL,53.9171,19.926,50.77,76,81,2.89,broken clouds
553,Ulagan,RU,50.6321,87.9563,40.05,89,15,1.79,few clouds
554,Sabha,LY,27.0377,14.4283,82.11,18,60,12.55,broken clouds
555,Saint-Pierre,RE,-21.3393,55.4781,73.08,85,75,24.16,light rain
556,Port Lincoln,AU,-34.7333,135.8667,60.82,52,94,23.8,overcast clouds
557,Hendek,TR,40.7994,30.7481,50.32,57,38,4.97,scattered clouds
558,Matara,LK,5.9485,80.5353,78.22,90,96,9.71,overcast clouds
559,Viedma,AR,-40.8135,-62.9967,49.87,44,98,11.36,overcast clouds
560,Magadi,IN,12.9667,77.2333,71.94,91,100,6.22,overcast clouds
561,Vanimo,PG,-2.6741,141.3028,78.62,89,100,7.09,light rain
562,Saint-Denis,FR,48.9167,2.3333,65.14,77,0,3.0,clear sky
563,Manakara,MG,-22.1333,48.0167,66.25,88,69,8.52,moderate rain
564,Manokwari,ID,-0.8667,134.0833,79.77,77,100,1.21,overcast clouds
565,Miraflores,MX,19.2167,-98.8083,77.65,58,92,0.58,overcast clouds
566,Aripuana,BR,-9.1667,-60.6333,79.27,69,100,0.94,overcast clouds
567,Moranbah,AU,-22.0016,148.0466,60.31,57,5,12.5,clear sky
568,Havre,FR,49.5833,0.3333,54.45,94,0,2.04,clear sky
569,Batemans Bay,AU,-35.7167,150.1833,53.91,69,100,4.18,overcast clouds
570,Gubkinskiy,RU,64.434,76.5026,37.58,64,10,10.4,clear sky
571,Hattiesburg,US,31.3271,-89.2903,73.72,93,75,6.91,broken clouds
572,Dunga Bunga,PK,29.7493,73.2432,94.24,30,0,7.94,clear sky
573,Chuguyevka,RU,44.1653,133.8633,63.93,67,1,0.54,clear sky
574,Williamsport,US,41.2412,-77.0011,90.1,39,75,8.05,broken clouds
575,Suksun,RU,57.1431,57.3949,52.29,71,54,3.67,broken clouds
576,Council Bluffs,US,41.2619,-95.8608,85.05,60,75,11.5,broken clouds
577,Nara,JP,34.6851,135.8049,74.25,69,100,1.25,overcast clouds
578,La Reforma,MX,25.0833,-108.05,99.75,47,16,12.37,few clouds
579,Hukuntsi,BW,-24.0,21.75,47.17,56,0,11.18,clear sky
580,Maryborough,AU,-25.5333,152.7,59.11,65,0,5.84,clear sky
581,Itambacuri,BR,-18.0311,-41.685,68.11,81,62,4.09,broken clouds
582,Biloela,AU,-24.4167,150.5,62.1,46,0,4.65,clear sky
583,Mama,RU,58.3106,112.8986,52.03,74,100,5.93,overcast clouds
584,Dubno,UA,50.4169,25.7343,56.89,92,61,5.28,broken clouds
585,Gorin,RU,51.1983,136.6669,54.84,80,67,4.47,broken clouds
586,Coahuayana,MX,18.7333,-103.6833,94.48,54,79,6.73,broken clouds
587,Coquimbo,CL,-29.9533,-71.3436,55.13,87,90,6.53,overcast clouds
588,Porto Walter,BR,-8.2686,-72.7439,76.53,87,98,1.63,overcast clouds
589,Halifax,CA,44.6453,-63.5724,75.09,77,86,10.36,overcast clouds
590,Yunyang,CN,33.4474,112.7142,76.98,65,100,10.36,overcast clouds
591,Shingu,JP,33.7333,135.9833,69.4,80,100,0.67,light rain
592,Loreto,MX,22.2667,-101.9667,82.71,17,13,5.66,few clouds
593,Kieta,PG,-6.2167,155.6333,82.51,78,84,4.76,light rain
594,Fairbanks,US,64.8378,-147.7164,70.14,46,90,11.5,light rain
595,Muroto,JP,33.2833,134.15,69.84,64,100,2.19,overcast clouds
596,Tukrah,LY,32.5341,20.5791,70.27,63,3,6.71,clear sky
597,Angoche,MZ,-16.2325,39.9086,72.79,72,94,12.82,overcast clouds
598,Imbituba,BR,-28.24,-48.6703,64.29,97,100,7.78,heavy intensity rain
599,Kenai,US,60.5544,-151.2583,69.03,53,1,12.66,clear sky
600,Zernograd,RU,46.8452,40.3083,59.67,96,57,10.42,broken clouds
601,Skjervoy,NO,70.0311,20.9714,47.28,65,45,2.82,scattered clouds
602,Moose Factory,CA,51.2585,-80.6094,73.4,68,75,11.5,broken clouds
603,Bolobo,CD,-2.1667,16.2333,71.13,91,32,3.02,scattered clouds
604,Pleshanovo,RU,52.8333,53.4833,56.35,66,1,4.21,clear sky
605,Nabire,ID,-3.3667,135.4833,78.01,88,87,1.79,overcast clouds
606,Singaraja,ID,-8.112,115.0882,77.65,79,11,3.89,few clouds
607,Wilmington,US,34.2257,-77.9447,80.98,81,40,8.05,scattered clouds
608,Birao,CF,10.2849,22.7882,77.94,67,36,4.0,scattered clouds
609,Biabou,VC,13.2,-61.1333,82.49,83,75,14.97,broken clouds
610,Les Cayes,HT,18.2,-73.75,82.06,72,42,9.24,scattered clouds
611,Scottsbluff,US,41.8666,-103.6672,89.83,34,1,8.99,clear sky
612,Vyritsa,RU,59.4078,30.3481,60.31,78,75,4.5,broken clouds
613,Ilhabela,BR,-23.7781,-45.3581,69.53,91,34,6.55,scattered clouds
614,Mana,GF,5.6592,-53.7767,76.14,89,100,6.29,overcast clouds
615,Xining,CN,36.6167,101.7667,49.87,81,87,2.13,overcast clouds
616,Noumea,NC,-22.2763,166.4572,73.0,99,98,8.79,overcast clouds
617,Nyrob,RU,60.733,56.7202,51.82,79,77,1.79,broken clouds
618,Todos Santos,MX,23.45,-110.2167,100.31,64,26,7.76,scattered clouds
619,Proletarskiy,RU,50.7914,35.7731,55.49,95,41,3.85,scattered clouds
620,Hongjiang,CN,27.11,109.9956,71.38,82,85,2.04,overcast clouds
621,Jiazi,CN,22.8779,116.067,77.02,79,32,16.37,scattered clouds
622,Inhambane,MZ,-23.865,35.3833,67.21,74,82,10.96,light rain
623,Bondoukou,CI,8.0333,-2.8,75.52,83,13,5.21,few clouds
624,Charlottesville,US,38.0293,-78.4767,90.41,65,99,3.0,overcast clouds
625,Meadow Lake,US,34.8014,-106.5436,95.68,10,32,15.52,scattered clouds
626,Virginia Beach,US,36.8529,-75.978,89.71,74,75,12.66,broken clouds
627,Banjar,ID,-8.19,114.9675,78.66,87,14,4.52,few clouds
628,Coleraine,GB,55.1333,-6.6667,52.59,89,100,5.7,overcast clouds
629,Nelson Bay,AU,-32.7167,152.15,51.12,86,28,5.73,scattered clouds
630,Progreso,MX,21.2833,-89.6667,84.97,72,84,17.34,broken clouds
631,Sao Felix Do Xingu,BR,-6.6447,-51.995,81.12,62,100,3.13,overcast clouds
632,Sao Joao Da Barra,BR,-21.6403,-41.0511,74.34,85,100,13.82,light rain
633,Meulaboh,ID,4.1363,96.1285,74.19,88,100,5.39,overcast clouds
634,Gouyave,GD,12.1646,-61.7296,81.37,74,20,18.34,few clouds
635,Slimnic,RO,45.9167,24.1667,55.26,88,0,3.78,clear sky
636,Dudinka,RU,69.4058,86.1778,31.59,95,100,6.22,overcast clouds
637,Roald,NO,62.5833,6.1333,56.91,93,75,2.3,broken clouds
638,Cuamba,MZ,-14.8031,36.5372,60.48,87,37,7.47,scattered clouds
639,Awbari,LY,26.5921,12.7805,83.62,18,94,11.32,overcast clouds
640,Mogadishu,SO,2.0371,45.3438,78.82,87,47,20.56,scattered clouds
641,Tanabe,JP,33.7333,135.3667,68.41,84,100,4.18,overcast clouds
642,Galle,LK,6.0367,80.217,79.88,85,93,11.45,overcast clouds
643,Bhanpura,IN,24.513,75.7469,87.85,48,62,17.13,broken clouds
644,Sikeston,US,36.8767,-89.5879,78.98,78,75,11.5,broken clouds
645,Santa Cruz,BO,-17.8,-63.1667,73.45,78,75,4.61,broken clouds
646,Monte Alegre De Sergipe,BR,-10.0272,-37.5622,69.19,95,2,5.77,clear sky
647,Wuhu,CN,31.3366,118.3755,73.31,68,100,6.17,overcast clouds
648,Rancho Palos Verdes,US,33.7445,-118.387,81.93,71,40,3.0,scattered clouds
649,Yazd,IR,31.8972,54.3675,91.51,10,0,16.11,clear sky
650,Mbandaka,CD,0.0487,18.2603,68.94,98,97,4.81,overcast clouds
651,Sobolevo,RU,54.4299,31.8996,54.46,92,57,6.53,broken clouds
652,Ukiah,US,39.1502,-123.2078,91.13,30,1,13.8,clear sky
653,Chiredzi,ZW,-21.05,31.6667,59.2,83,92,4.97,overcast clouds
654,Brawley,US,32.9787,-115.5303,103.17,12,1,8.21,clear sky
655,Kavaratti,IN,10.5669,72.642,82.08,78,100,12.5,overcast clouds
656,Turukhansk,RU,65.8167,87.9833,33.85,80,74,7.14,broken clouds
657,Suluq,LY,31.6682,20.2521,72.75,43,4,5.95,clear sky
658,Anau,PF,-16.5167,-151.7333,80.91,77,83,11.77,broken clouds
659,San Buenaventura,MX,27.0833,-101.5333,109.11,10,1,8.9,clear sky
660,High Rock,BS,26.6208,-78.2833,84.22,78,87,16.42,overcast clouds
661,Kitimat,CA,54.0524,-128.6534,58.91,67,100,1.99,overcast clouds
662,Muhos,FI,64.808,25.9931,58.78,90,99,4.34,overcast clouds
663,Manaus,BR,-3.1019,-60.025,86.5,74,40,2.3,scattered clouds
664,San Isidro,PE,-12.1167,-77.05,65.79,85,90,8.9,overcast clouds
665,Bozhou,CN,33.8772,115.7703,79.81,49,91,7.65,light rain
666,Panorama,GR,40.5878,23.0315,69.53,80,20,1.01,few clouds
667,Bloomsburg,US,41.0037,-76.4549,91.08,67,7,4.38,clear sky
668,Qiongshan,CN,20.0058,110.3542,78.78,89,0,4.99,clear sky
669,Panacan,PH,9.2463,118.4082,78.91,80,100,1.01,overcast clouds
670,Ust-Omchug,RU,61.15,149.6333,44.85,75,99,5.32,overcast clouds
671,Ulaangom,MN,49.9811,92.0667,48.51,63,33,2.8,scattered clouds
672,Waipawa,NZ,-41.4122,175.5153,55.02,82,100,6.82,overcast clouds
673,Ust-Maya,RU,60.4167,134.5333,72.28,52,93,10.33,overcast clouds
674,Visnes,NO,59.3556,5.2242,56.57,88,56,10.36,broken clouds
675,Vuktyl,RU,63.8567,57.3094,42.42,54,26,4.45,scattered clouds
676,Nishihara,JP,26.1842,127.7558,74.86,97,90,6.17,light rain
677,La Asuncion,VE,11.0333,-63.8628,83.93,74,91,15.9,overcast clouds
678,Adeje,ES,28.1227,-16.726,67.01,70,20,1.99,few clouds
679,Gat,IL,31.61,34.7642,68.68,74,0,1.36,clear sky
680,Yarim,YE,14.298,44.3779,61.52,60,2,3.36,clear sky
681,Udachnyy,RU,66.4167,112.4,43.39,63,82,23.38,broken clouds
682,Verkhnyaya Inta,RU,65.9811,60.3094,37.2,68,98,6.89,overcast clouds
683,Svetlogorsk,BY,52.6333,29.7333,54.91,94,54,6.29,broken clouds
684,Linfen,CN,36.0889,111.5189,84.52,21,100,3.29,overcast clouds
685,Tbilisskaya,RU,45.3633,40.19,54.19,93,88,7.85,overcast clouds
686,North Bend,US,43.4065,-124.2243,67.95,55,40,17.27,scattered clouds
687,Kaltasy,RU,55.9693,54.8032,53.62,68,1,2.39,clear sky
688,Mortka,RU,59.3322,66.0214,53.71,94,63,4.36,broken clouds
689,Burgeo,CA,47.6167,-57.6152,56.14,64,15,13.91,few clouds
690,Singkang,MY,2.1006,102.7994,75.09,92,87,1.25,overcast clouds
691,Port-De-Bouc,FR,43.4,4.9833,69.96,64,0,23.49,clear sky
692,Craig,US,40.5153,-107.5464,85.19,20,1,25.32,clear sky
693,Ilo,PE,-17.6394,-71.3375,62.1,86,18,4.76,few clouds
694,Surt,LY,31.2089,16.5887,73.54,45,32,12.86,scattered clouds
695,Duartina,BR,-22.4144,-49.4039,79.95,44,63,3.49,broken clouds
696,Fillan,NO,63.6064,8.9696,55.02,94,56,9.42,broken clouds
697,Teya,RU,60.3778,92.6267,43.45,97,100,3.02,light rain
698,Sokolskoye,RU,57.1412,43.1589,57.54,87,82,4.36,broken clouds
699,Monduli,TZ,-3.3,36.45,57.74,82,66,5.5,broken clouds
700,Pangkalanbuun,ID,-2.6833,111.6167,73.96,98,82,2.44,broken clouds
701,Aasiaat,GL,68.7098,-52.8699,37.06,85,65,7.4,broken clouds
702,Camabatela,AO,-8.1881,15.375,61.65,51,78,3.38,broken clouds
703,Zakharovo,RU,54.366,39.2792,56.68,96,68,5.41,broken clouds
704,Nassjo,SE,57.6531,14.6968,54.52,76,45,4.43,scattered clouds
705,Bongandanga,CD,1.5,21.05,69.03,99,99,2.48,overcast clouds
706,Vung Tau,VN,10.346,107.0843,82.44,82,100,14.88,overcast clouds
707,Bonito,BR,-21.1211,-56.4819,79.61,42,74,4.21,broken clouds
708,Mendi,PG,-6.1761,143.6513,59.47,88,97,0.2,overcast clouds
709,Cheyenne,US,41.14,-104.8203,79.12,35,40,16.11,scattered clouds
710,Dortyol,TR,36.8616,36.2289,71.76,64,0,0.74,clear sky
711,Buritizeiro,BR,-17.3511,-44.9622,73.98,54,93,2.8,overcast clouds
712,Tadine,NC,-21.55,167.8833,72.77,59,90,11.74,overcast clouds
